{
  "switch": {
    "words": ["light", "led", "lamp"],
    "value": ["on", "off"],
    "can_set_value": true,
    "mapping":{
      "1": "on",
      "0": "off",

      "ON": "on",
      "OFF": "off",

      "On": "on",
      "Off": "off",

      "true": "on",
      "false": "off"
    },
    "metric_type": "Gauge"
  },

  "sensor": {
    "words": ["temperature", "sensor", "number", "humidity", "light"],
    "value": "number",
    "can_set_value": false,
    "metric_type": "Gauge"

  },

  "binary_sensor": {
    "words": ["motion", "sensor", "binary"],
    "value": [0, 1],
    "can_set_value": false,
    "mapping":{
      "ON": 1,
      "OFF": 0,

      "on": 1,
      "off": 0,

      "On": 1,
      "Off": 0
    },
    "metric_type": "Gauge"

  }
}