[{"action":{"action":[{"action_type":"call_cross_platform_api","config":{"item":{"item_global_id":"136cd497-e0c3-4b7c-8d08-a9604eacc72f","item_name":"Green Light","item_type":"Gauge","platform_id":"0e3486ee-cfea-4219-820c-0aca41e1539a","thing_global_id":"89f28621-3229-427c-a0f8-bf6f91c6fe84"},"value":"on"},"sub_action_id":"ss6jibcqw","time":"00s"},{"action_type":"call_cross_platform_api","config":{"item":{"item_global_id":"a8d0542d-195c-45dc-bfd6-434262e3db3d","item_name":"Green Light","item_type":"Gauge","platform_id":"88507d0f-9e85-403e-b92b-10e9280d2491","thing_global_id":"7b9e1813-20bd-4414-b2b4-f2cad9ea3451"},"value":"on"},"sub_action_id":"94m2j4as5","time":"00s"},{"action_type":"call_cross_platform_api","config":{"item":{"item_global_id":"895b3c89-ca10-46a2-a1a6-07809301dc69","item_name":"Yellow Light","item_type":"Gauge","platform_id":"88507d0f-9e85-403e-b92b-10e9280d2491","thing_global_id":"7b9e1813-20bd-4414-b2b4-f2cad9ea3451"},"value":"on"},"sub_action_id":"jq4aokfei","time":"00s"}],"action_id":"ajd7j7y96"},"action_id":"ajd7j7y96","condition":{"condition_id":"xtlsek3op","condition_type":"item_has_given_state","config":[{"bitwise_operator":"None","constraint":{"comparation":"GT","item":{"item_global_id":"375b63de-b3f4-4332-8fea-d07d4d9fac97","item_name":"Temperature","item_type":"Gauge","platform_id":"0e3486ee-cfea-4219-820c-0aca41e1539a","thing_global_id":"05602528-0686-49f8-accd-a0de0f3753a0"},"time":"00s","value":"10"}}],"description":"fix item_type for now"},"condition_id":"xtlsek3op","rule_id":"ppos03fvf","rule_name":"demo_2","rule_status":"enable","trigger":{"config":[{"bitwise_operator":"None","constraint":{"comparation":"EQ","item":{"item_global_id":"02e4502b-d58b-41a8-93ce-740bda62345f","item_name":"green_led","item_type":"Gauge","platform_id":"a4c13bff-1507-4b51-953b-b4bcb136c4b6","thing_global_id":"99c9d7a6-78de-4a57-a53d-694038b59bde"},"time":"00s","value":"off"},"trigger_config_id":0},{"bitwise_operator":"AND","constraint":{"comparation":"EQ","item":{"item_global_id":"43920716-6ca2-4120-8686-b6ae32d7a9c1","item_name":"yellow_led","item_type":"Gauge","platform_id":"a4c13bff-1507-4b51-953b-b4bcb136c4b6","thing_global_id":"9f56d375-31ba-42ce-9c00-f850ccb19db9"},"time":"00s","value":"on"},"trigger_config_id":1}],"description":"fix item_type for now","outputs":[{"description":"event created by trigger o9z420zuy","event_id":"9jteat8n9","event_source":"o9z420zuy"},{"description":"event created by trigger o9z420zuy","event_id":"hjia6vfpg","event_source":"o9z420zuy"}],"trigger_id":"o9z420zuy","trigger_type":"item_has_given_state"},"trigger_id":"o9z420zuy"}]
