[{"action":{"action":[{"action_type":"call_cross_platform_api","config":{"item":{"item_global_id":"9ca7eae3-babb-4160-aeef-4a2af2967357","item_name":"LedXanh","item_type":"Gauge","platform_id":"80001edf-1e80-42dc-bb5a-3c88a64e47df","thing_global_id":"61e7e36c-c937-44ed-8409-16f751fb0240"},"value":"on"},"sub_action_id":"zos1veotg","time":"00s"}],"action_id":"aa8z847i8"},"action_id":"aa8z847i8","condition":{"condition_id":"dbikelbi4","condition_type":"item_has_given_state","config":[{"bitwise_operator":"None","constraint":{"comparation":"GT","item":{"item_global_id":"375b63de-b3f4-4332-8fea-d07d4d9fac97","item_name":"Temperature","item_type":"Gauge","platform_id":"0e3486ee-cfea-4219-820c-0aca41e1539a","thing_global_id":"05602528-0686-49f8-accd-a0de0f3753a0"},"time":"00s","value":"10"}}],"description":"fix item_type for now"},"condition_id":"dbikelbi4","rule_id":"ewnurp38i","rule_name":"demo_1","rule_status":"enable","trigger":{"config":[{"bitwise_operator":"None","constraint":{"comparation":"EQ","item":{"item_global_id":"6d5a7af0-d96a-42ea-bdd9-87d05a01ea30","item_name":"motion","item_type":"Gauge","platform_id":"88507d0f-9e85-403e-b92b-10e9280d2491","thing_global_id":"7b9e1813-20bd-4414-b2b4-f2cad9ea3451"},"time":"00s","value":"1"},"trigger_config_id":1}],"description":"fix item_type for now","outputs":[{"description":"event created by trigger 84nf2jc4r","event_id":"vwtqv1ea8","event_source":"84nf2jc4r"}],"trigger_id":"84nf2jc4r","trigger_type":"item_has_given_state"},"trigger_id":"84nf2jc4r"}]